{
    "train_acces": [
        0.4429882044560944,
        0.5006553079947575,
        0.5563564875491481,
        0.6330275229357798,
        0.7208387942332897,
        0.8211009174311926,
        0.8859764089121888,
        0.936435124508519,
        0.9515072083879423,
        0.9606815203145478,
        0.9783748361730014,
        0.9862385321100917,
        0.990170380078637,
        0.9941022280471822,
        0.9770642201834863,
        0.9993446920052425,
        0.9986893840104849,
        0.981651376146789,
        0.9980340760157274,
        1.0,
        0.9849279161205766,
        0.9947575360419397,
        0.9947575360419397,
        0.9993446920052425,
        0.9954128440366973,
        1.0,
        1.0,
        1.0,
        1.0,
        1.0,
        1.0,
        1.0,
        1.0,
        1.0,
        0.9967234600262124,
        0.9842726081258192,
        0.9986893840104849,
        0.9986893840104849,
        1.0,
        0.9993446920052425,
        0.9993446920052425,
        1.0,
        1.0,
        0.9960681520314548,
        0.9973787680209698,
        1.0,
        1.0,
        1.0,
        1.0,
        1.0,
        1.0,
        1.0,
        1.0,
        1.0,
        1.0,
        1.0,
        1.0,
        1.0,
        1.0,
        1.0,
        1.0,
        1.0,
        1.0,
        1.0,
        1.0,
        1.0,
        1.0,
        1.0,
        1.0,
        1.0,
        1.0,
        1.0,
        0.9993446920052425,
        0.9986893840104849,
        1.0,
        1.0,
        1.0,
        1.0,
        1.0,
        1.0,
        1.0,
        1.0,
        1.0,
        1.0,
        1.0,
        1.0,
        0.9993446920052425,
        0.9973787680209698,
        1.0,
        0.9993446920052425,
        1.0,
        1.0,
        1.0,
        1.0,
        1.0,
        1.0,
        1.0,
        1.0,
        1.0,
        1.0
    ],
    "train_losses": [
        1.0557797906986226,
        0.9493715980457603,
        0.8760825513348198,
        0.7681910870584561,
        0.6288282446670658,
        0.45850652858839513,
        0.29642515743946535,
        0.170217491840789,
        0.13381391466418968,
        0.11285396464992686,
        0.05823744944272308,
        0.04034082143358333,
        0.027651947915147423,
        0.02799374146702087,
        0.06124328290749714,
        0.0028012781842239438,
        0.008328983291371453,
        0.05992838859044073,
        0.0062546300596045675,
        0.0005966744057037982,
        0.040187378185097086,
        0.018649141994541263,
        0.019816422646972854,
        0.0027116049217106634,
        0.015024254036698369,
        0.0015633995205408555,
        0.00018443434070825748,
        0.0001381763506871085,
        9.37845612932437e-05,
        0.00011649565749720179,
        3.9819009905475365e-05,
        2.591407252327089e-05,
        4.621366465788973e-05,
        1.4645619555476788e-05,
        0.009753989834591862,
        0.043976268154364555,
        0.0047946583565570185,
        0.0034659899577948712,
        0.00025507925750263387,
        0.0017045942887820168,
        0.0020567742219366773,
        0.00013818517848282965,
        0.0003520831014861659,
        0.011885562003729798,
        0.00726241875782805,
        0.00045009155083664004,
        5.1367032946617614e-05,
        4.826514061374833e-05,
        0.00015543313872757705,
        2.769990280862894e-05,
        3.967243591480817e-05,
        6.601810407859408e-05,
        0.00012957693186882018,
        4.920779119940328e-05,
        2.3356491834844812e-05,
        8.797669690102876e-06,
        1.3921396565140817e-05,
        2.137408306978895e-05,
        6.944690492068493e-06,
        5.7230035141152404e-06,
        2.618803720233545e-06,
        2.379287619398665e-06,
        2.978504459250541e-06,
        2.384320430645782e-06,
        1.9186637421792283e-06,
        8.713886641174932e-07,
        8.897354049675037e-07,
        7.164025604741003e-07,
        3.7113984526638534e-07,
        5.432109624290482e-07,
        5.689836588953201e-07,
        1.6545492318465994e-07,
        0.0016415620728119091,
        0.008368015712648506,
        3.175956653203455e-05,
        0.00010097794069966209,
        6.076285913778719e-05,
        4.589696960592502e-06,
        5.911197829327615e-06,
        3.450414308234516e-06,
        8.180909255029628e-07,
        3.2713826618819847e-06,
        1.847284808510612e-06,
        8.391893001967165e-07,
        4.620614595115839e-06,
        1.5988307361524957e-06,
        0.002733862679770869,
        0.011821028441004288,
        0.00010286560338692347,
        0.0015677057839004179,
        5.857454808922906e-05,
        1.231103302456724e-05,
        1.3934623595045845e-06,
        1.2738368379709487e-05,
        3.460525348327077e-06,
        1.0368279509804414e-05,
        1.5475282179765186e-06,
        4.6447178449946745e-05,
        5.834690825462762e-06,
        1.0861597674849604e-06
    ],
    "val_acces": [
        0.44785276073619634,
        0.549079754601227,
        0.5122699386503068,
        0.5030674846625767,
        0.6104294478527608,
        0.8312883435582822,
        0.8957055214723927,
        0.8987730061349694,
        0.9263803680981595,
        0.9079754601226994,
        0.9325153374233128,
        0.8987730061349694,
        0.7392638036809815,
        0.941717791411043,
        0.9631901840490797,
        0.9662576687116564,
        0.8773006134969326,
        0.9539877300613497,
        0.9693251533742331,
        0.9662576687116564,
        0.8312883435582822,
        0.9263803680981595,
        0.9478527607361963,
        0.9723926380368099,
        0.9631901840490797,
        0.9693251533742331,
        0.9723926380368099,
        0.9723926380368099,
        0.9693251533742331,
        0.9723926380368099,
        0.9815950920245399,
        0.9815950920245399,
        0.9723926380368099,
        0.9815950920245399,
        0.9202453987730062,
        0.9601226993865031,
        0.9601226993865031,
        0.9662576687116564,
        0.9662576687116564,
        0.9662576687116564,
        0.9723926380368099,
        0.9662576687116564,
        0.9693251533742331,
        0.8987730061349694,
        0.9693251533742331,
        0.9662576687116564,
        0.9662576687116564,
        0.9662576687116564,
        0.9662576687116564,
        0.9662576687116564,
        0.9662576687116564,
        0.9662576687116564,
        0.9754601226993865,
        0.9754601226993865,
        0.9662576687116564,
        0.9662576687116564,
        0.9662576687116564,
        0.9785276073619632,
        0.9662576687116564,
        0.9662576687116564,
        0.9662576687116564,
        0.9693251533742331,
        0.9693251533742331,
        0.9693251533742331,
        0.9662576687116564,
        0.9693251533742331,
        0.9723926380368099,
        0.9693251533742331,
        0.9693251533742331,
        0.9754601226993865,
        0.9662576687116564,
        0.9693251533742331,
        0.9447852760736196,
        0.9723926380368099,
        0.9693251533742331,
        0.9723926380368099,
        0.9662576687116564,
        0.9693251533742331,
        0.9723926380368099,
        0.9723926380368099,
        0.9723926380368099,
        0.9662576687116564,
        0.9693251533742331,
        0.9723926380368099,
        0.9723926380368099,
        0.9723926380368099,
        0.9171779141104295,
        0.9631901840490797,
        0.9570552147239264,
        0.9723926380368099,
        0.9662576687116564,
        0.9662576687116564,
        0.9662576687116564,
        0.9662576687116564,
        0.9631901840490797,
        0.9662576687116564,
        0.9662576687116564,
        0.9723926380368099,
        0.9723926380368099,
        0.9723926380368099
    ],