{
    "train_acces": [
        0.436435124508519,
        0.4764089121887287,
        0.5681520314547838,
        0.7031454783748362,
        0.8040629095674967,
        0.8754914809960681,
        0.9161205766710354,
        0.9429882044560943,
        0.9501965923984272,
        0.9783748361730014,
        0.9875491480996068,
        0.9842726081258192,
        0.9809960681520314,
        0.9954128440366973,
        0.9783748361730014,
        0.9980340760157274,
        0.9927916120576671,
        0.9849279161205766,
        0.9908256880733946,
        0.9809960681520314,
        0.9993446920052425,
        0.9960681520314548,
        0.9921363040629095,
        0.990170380078637,
        0.9960681520314548,
        1.0,
        1.0,
        1.0,
        1.0,
        1.0,
        1.0,
        1.0,
        1.0,
        1.0,
        1.0,
        1.0,
        1.0,
        1.0,
        1.0,
        1.0,
        1.0,
        1.0,
        1.0,
        1.0,
        1.0,
        1.0,
        1.0,
        0.990170380078637,
        1.0,
        1.0,
        0.9993446920052425,
        1.0,
        1.0,
        1.0,
        1.0,
        1.0,
        1.0,
        1.0,
        1.0,
        1.0,
        1.0,
        1.0,
        1.0,
        1.0,
        0.9973787680209698,
        1.0,
        1.0,
        1.0,
        1.0,
        1.0,
        1.0,
        1.0,
        1.0,
        0.9986893840104849,
        1.0,
        1.0,
        1.0,
        1.0,
        1.0,
        1.0,
        1.0,
        1.0,
        1.0,
        1.0,
        1.0,
        0.9973787680209698,
        1.0,
        1.0,
        1.0,
        1.0,
        1.0,
        1.0,
        1.0,
        1.0,
        1.0,
        0.9986893840104849,
        1.0,
        1.0,
        1.0,
        1.0
    ],
    "train_losses": [
        1.057730359495233,
        0.9765999141401889,
        0.8347721333526378,
        0.6672419458334755,
        0.46769922532795455,
        0.30080966572619017,
        0.2338560227081021,
        0.14465689844224544,
        0.13485457520254818,
        0.07802804987154398,
        0.03920820208837578,
        0.04496133029216595,
        0.06219494831076735,
        0.010743824751301905,
        0.05750759377556076,
        0.0092380527246122,
        0.031232045540036182,
        0.03801909653869333,
        0.026859294569504196,
        0.04807995792276918,
        0.004150093795380416,
        0.012362099423678951,
        0.01923828130012186,
        0.023553840944953462,
        0.02127818923161408,
        0.0025358016190423303,
        0.00040653304829340453,
        0.00023315142514713006,
        0.00013462765783972183,
        9.957125004350286e-05,
        3.8520604983294076e-05,
        3.1983547882007885e-05,
        5.385540134821081e-05,
        2.7230077866380056e-05,
        1.8101498264012706e-05,
        1.305114241908255e-05,
        9.113637591117094e-06,
        5.803367585562267e-06,
        5.767648025704211e-06,
        6.607218953058937e-06,
        2.6652219710196834e-06,
        3.721538342528265e-06,
        1.5677249331921591e-06,
        1.9817290329803694e-06,
        1.3973573566774917e-06,
        8.565627730158289e-07,
        6.603069754826818e-06,
        0.03859196649265124,
        0.0005951761754586356,
        0.000754155503399262,
        0.0010337338985272517,
        0.0002731803472034607,
        5.23506908802509e-05,
        3.7846994842914655e-05,
        9.36144952708845e-05,
        3.5707433312139786e-05,
        1.8519999187830704e-05,
        1.3028477779116666e-05,
        1.0784727880794258e-05,
        1.5215659898457905e-05,
        1.4665538495310584e-05,
        4.819750812580101e-06,
        1.4383469649232132e-05,
        0.00037390975562747196,
        0.017541708980587857,
        7.530066088426657e-05,
        0.0001342638154397527,
        5.5452037411664014e-05,
        5.860128599253042e-05,
        2.8980477639575397e-05,
        2.4152020963215307e-05,
        1.19362381639093e-05,
        1.0613539422000301e-05,
        0.0028297713329316545,
        0.000321910477649724,
        4.0286591969077205e-05,
        0.00010987342067221647,
        9.69704114620864e-05,
        9.857778645563895e-06,
        0.00014044383611070354,
        4.5445007979926545e-06,
        4.539005079360767e-06,
        3.078597112989491e-06,
        1.7697036329345173e-06,
        1.2828730626876211e-05,
        0.009700280864148472,
        9.907130852388514e-05,
        4.100868317825761e-05,
        2.3480001262643695e-05,
        9.610086181597043e-05,
        7.336911401526685e-06,
        4.589874956012682e-05,
        5.702716492712724e-06,
        2.440505005636784e-06,
        1.4501439853585572e-06,
        0.004232533429369543,
        0.0004960339340151081,
        6.1015567017840795e-06,
        4.837142797658945e-06,
        3.7684998389865287e-06
    ],
    "val_acces": [
        0.450920245398773,
        0.5398773006134969,
        0.6196319018404908,
        0.6319018404907976,
        0.7975460122699386,
        0.7423312883435583,
        0.8282208588957055,
        0.8282208588957055,
        0.7791411042944786,
        0.8680981595092024,
        0.8987730061349694,
        0.9141104294478528,
        0.7515337423312883,
        0.8895705521472392,
        0.9079754601226994,
        0.9079754601226994,
        0.9141104294478528,
        0.8496932515337423,
        0.9233128834355828,
        0.8895705521472392,
        0.9049079754601227,
        0.8957055214723927,
        0.8803680981595092,
        0.8895705521472392,
        0.9141104294478528,
        0.911042944785276,
        0.9141104294478528,
        0.9263803680981595,
        0.9294478527607362,
        0.9233128834355828,
        0.9233128834355828,
        0.9202453987730062,
        0.9263803680981595,
        0.9202453987730062,
        0.9233128834355828,
        0.9233128834355828,
        0.9233128834355828,
        0.9263803680981595,
        0.9263803680981595,
        0.9325153374233128,
        0.9325153374233128,
        0.9294478527607362,
        0.9325153374233128,
        0.9294478527607362,
        0.9294478527607362,
        0.9294478527607362,
        0.9171779141104295,
        0.8773006134969326,
        0.9079754601226994,
        0.9294478527607362,
        0.9294478527607362,
        0.9141104294478528,
        0.9171779141104295,
        0.9171779141104295,
        0.9202453987730062,
        0.9079754601226994,
        0.9049079754601227,
        0.9079754601226994,
        0.911042944785276,
        0.9325153374233128,
        0.911042944785276,
        0.9141104294478528,
        0.9325153374233128,
        0.8865030674846626,
        0.9355828220858896,
        0.9325153374233128,
        0.9355828220858896,
        0.9355828220858896,
        0.9325153374233128,
        0.9355828220858896,
        0.9355828220858896,
        0.9355828220858896,
        0.9325153374233128,
        0.9202453987730062,
        0.9294478527607362,
        0.9325153374233128,
        0.941717791411043,
        0.941717791411043,
        0.941717791411043,
        0.9294478527607362,
        0.9294478527607362,
        0.9355828220858896,
        0.9294478527607362,
        0.9294478527607362,
        0.9171779141104295,
        0.941717791411043,
        0.9325153374233128,
        0.9325153374233128,
        0.9325153374233128,
        0.9386503067484663,
        0.941717791411043,
        0.9325153374233128,
        0.9263803680981595,
        0.9294478527607362,
        0.9294478527607362,
        0.8496932515337423,
        0.9355828220858896,
        0.9355828220858896,
        0.9355828220858896,
        0.9294478527607362
    ],