{
    "train_acces": [
        0.990170380078637,
        0.9888597640891219,
        0.9855832241153342,
        0.9947575360419397,
        0.9967234600262124,
        0.9927916120576671,
        1.0,
        0.9750982961992136,
        0.9842726081258192,
        0.9993446920052425,
        1.0,
        0.9973787680209698,
        0.9895150720838795,
        0.9960681520314548,
        1.0,
        1.0,
        1.0,
        1.0,
        1.0,
        1.0,
        1.0,
        1.0,
        1.0,
        1.0,
        1.0,
        1.0,
        1.0,
        1.0,
        1.0,
        1.0,
        1.0,
        1.0,
        1.0,
        1.0,
        1.0,
        1.0,
        1.0,
        1.0,
        1.0,
        1.0,
        1.0,
        1.0,
        1.0,
        1.0,
        1.0,
        1.0,
        1.0,
        1.0,
        1.0,
        1.0
    ],
    "train_losses": [
        0.026930923610857856,
        0.036823444678388016,
        0.038288445862763955,
        0.015823364011739425,
        0.010662382233500398,
        0.0268578758432889,
        0.0008027751022470795,
        0.0684480794023289,
        0.04275820374977382,
        0.0053616502302997445,
        0.001368710836441406,
        0.00801496666353023,
        0.033647753409952005,
        0.009890596676034567,
        0.0011161747030537302,
        0.0003075175328674048,
        0.0002483464488889827,
        0.0001677831945718483,
        0.00010561618531865297,
        9.368528574073285e-05,
        6.833422319274806e-05,
        5.4059327710853786e-05,
        4.545467988262628e-05,
        4.477053584062752e-05,
        3.56163589749816e-05,
        2.8475443283582832e-05,
        1.892172089923049e-05,
        1.6969097698733184e-05,
        1.3885094478219332e-05,
        1.135574622468208e-05,
        9.232421597489462e-06,
        7.134665113778693e-06,
        5.5581172509190535e-06,
        5.293233253590677e-06,
        3.952300100062483e-06,
        2.9837101166858724e-06,
        2.393060411544977e-06,
        1.864753717784153e-06,
        1.5460400034678509e-06,
        1.1408388293434243e-06,
        1.205122056456439e-06,
        7.929805038873495e-07,
        8.700752910019727e-07,
        5.265192878096014e-07,
        5.736990080526189e-07,
        3.254423812726657e-07,
        2.487299928695442e-07,
        2.3951188672045797e-07,
        2.1021601176953912e-07,
        2.0326440855161711e-07
    ],
    "val_acces": [
        0.9386503067484663,
        0.9294478527607362,
        0.9049079754601227,
        0.950920245398773,
        0.9263803680981595,
        0.950920245398773,
        0.9601226993865031,
        0.8404907975460123,
        0.9355828220858896,
        0.9355828220858896,
        0.9478527607361963,
        0.9662576687116564,
        0.950920245398773,
        0.9355828220858896,
        0.950920245398773,
        0.950920245398773,
        0.950920245398773,
        0.9539877300613497,
        0.9539877300613497,
        0.950920245398773,
        0.9539877300613497,
        0.9539877300613497,
        0.9539877300613497,
        0.9570552147239264,
        0.9570552147239264,
        0.9539877300613497,
        0.9601226993865031,
        0.9570552147239264,
        0.9601226993865031,
        0.9601226993865031,
        0.9570552147239264,
        0.9570552147239264,
        0.9601226993865031,
        0.9570552147239264,
        0.9570552147239264,
        0.9570552147239264,
        0.9570552147239264,
        0.9539877300613497,
        0.9570552147239264,
        0.9570552147239264,
        0.9570552147239264,
        0.9570552147239264,
        0.9570552147239264,
        0.9601226993865031,
        0.9539877300613497,
        0.9601226993865031,
        0.9570552147239264,
        0.9570552147239264,
        0.9539877300613497,
        0.9601226993865031
    ],
    "val_losses": [
        0.39881004452480107,
        0.38899024754306705,
        0.5612259607481722,
        0.31479818459878095,
        0.37403552414828706,
        0.22990490450137646,
        0.2249404117738945,
        1.1087074932859573,
        0.3258194314962418,
        0.2651370177153394,
        0.3142911056363639,
        0.19583259654975904,
        0.26650227237176005,
        0.3264811852090389,
        0.2604216356111486,
        0.26586778039360687,
        0.28495744254953054,
        0.2580566172745073,
        0.2539419106682902,
        0.28492426549153194,
        0.2714364525126493,
        0.2723935891504844,
        0.2759094839029499,
        0.28499516058102503,
        0.29625261320589513,
        0.28775726814697017,
        0.2877773076602573,
        0.29885628279238774,
        0.29159049747245314,
        0.29826836671081375,
        0.28015182842656877,
        0.2780808321161489,
        0.29523170459051257,
        0.2883628216724969,
        0.29406433561042705,
        0.29467193266666236,
        0.2858566020663379,
        0.2878580777566292,
        0.2961242437210557,
        0.2950385969664049,
        0.2785952319244888,
        0.29396495080801166,
        0.27556812032365424,
        0.2676585951620129,
        0.3148486981160349,
        0.3061329227582219,
        0.2987919638985735,
        0.3019869429529597,
        0.28940909759969236,
        0.2836627227546516
    ]
}