{
    "train_acces": [
        0.44102228047182174,
        0.5039318479685452,
        0.5701179554390564,
        0.6867627785058977,
        0.7922673656618611,
        0.8807339449541285,
        0.9318479685452162,
        0.9521625163826999,
        0.9619921363040629,
        0.9606815203145478,
        0.9947575360419397,
        0.9823066841415465,
        0.9829619921363041,
        0.9960681520314548,
        0.9862385321100917,
        0.9895150720838795,
        0.9888597640891219,
        0.9947575360419397,
        0.9868938401048493,
        0.9980340760157274,
        1.0,
        1.0,
        0.991480996068152,
        0.9954128440366973,
        0.9980340760157274,
        0.9934469200524246,
        0.9980340760157274,
        0.991480996068152,
        1.0,
        1.0,
        1.0,
        1.0,
        1.0,
        1.0,
        1.0,
        1.0,
        1.0,
        1.0,
        1.0,
        1.0,
        1.0,
        1.0,
        1.0,
        1.0,
        0.990170380078637,
        0.9986893840104849,
        1.0,
        1.0,
        1.0,
        1.0,
        1.0,
        1.0,
        1.0,
        1.0,
        1.0,
        1.0,
        1.0,
        0.9986893840104849,
        1.0,
        1.0,
        1.0,
        0.9986893840104849,
        0.9986893840104849,
        1.0,
        1.0,
        1.0,
        1.0,
        1.0,
        1.0,
        1.0,
        1.0,
        1.0,
        1.0,
        1.0,
        1.0,
        1.0,
        1.0,
        1.0,
        1.0,
        1.0,
        1.0,
        1.0,
        1.0,
        1.0,
        1.0,
        1.0,
        1.0,
        1.0,
        1.0,
        1.0,
        1.0,
        1.0,
        1.0,
        1.0,
        1.0,
        1.0,
        1.0,
        1.0,
        1.0,
        1.0
    ],
    "train_losses": [
        1.0659983838135731,
        0.9465964296112523,
        0.8657667589609463,
        0.6991620569893917,
        0.4889460200709956,
        0.31669213327452256,
        0.2061862718143963,
        0.1380341782509894,
        0.10787416932006079,
        0.11373087922784228,
        0.01977640177527274,
        0.04437606979650049,
        0.03940450531116479,
        0.01100098929841842,
        0.049845705843412615,
        0.03312653353652552,
        0.033985466765109204,
        0.023966298440838876,
        0.0341537353011362,
        0.00572162917931096,
        0.0004710659847844594,
        0.00022289024480399611,
        0.026288195950198358,
        0.014589253162148728,
        0.008214680627498775,
        0.02211178731264484,
        0.0063229333313152185,
        0.025047057102372993,
        0.0006227989966152633,
        0.0002678209089188905,
        0.00012631127342868252,
        0.00013166353727127496,
        8.26531420107649e-05,
        4.852284889402863e-05,
        3.937944826405236e-05,
        5.539699866403028e-05,
        2.1195809639725068e-05,
        1.6615650841732487e-05,
        1.1124361157115179e-05,
        9.095971734529992e-06,
        9.615972030822029e-06,
        6.903855318899294e-06,
        1.3294079176397794e-05,
        4.022286401538339e-06,
        0.03627022721480979,
        0.006886005832664309,
        0.00048010371329599866,
        0.00010913216174627437,
        7.229963096360029e-05,
        5.6062240037357415e-05,
        3.829246874455393e-05,
        3.130148610597908e-05,
        4.608982537083225e-05,
        5.048431226205331e-05,
        1.8310917216985824e-05,
        2.0265027341597766e-05,
        1.2642616393790476e-05,
        0.005325105793192486,
        6.152365635003488e-05,
        0.00019528940811077837,
        3.400469589665379e-05,
        0.002308078174928614,
        0.002244977366814045,
        1.557580040076927e-05,
        8.670073381440264e-06,
        0.0001708466989034825,
        1.609449136775345e-05,
        4.698685855162974e-06,
        4.653342626662675e-06,
        4.166232124421258e-06,
        1.2798148199358174e-05,
        4.110405106990342e-06,
        3.0670131872349438e-06,
        3.307707406051035e-06,
        4.143637747907921e-06,
        2.0080501226423563e-06,
        2.3980109661371333e-06,
        1.4626656553131468e-06,
        1.7760928529569439e-06,
        9.914714263304657e-07,
        6.726709191584593e-07,
        6.411905622509232e-07,
        4.473840599338167e-07,
        4.642557394083217e-07,
        3.322368047080736e-07,
        3.373904517095829e-07,
        1.664708094570991e-07,
        1.2678648531050385e-07,
        1.0780377381810042e-07,
        1.2319288672796936e-07,
        4.999600616075657e-08,
        6.749450698296446e-08,
        3.2887997136467045e-08,
        3.327857844600763e-08,
        2.577918439660464e-08,
        1.5467516965797503e-08,
        1.8436007572464722e-08,
        1.2264645512376694e-08,
        5.390196507573551e-09,
        8.20246928832231e-09
    ],
    "val_acces": [
        0.43558282208588955,
        0.549079754601227,
        0.6257668711656442,
        0.6656441717791411,
        0.7668711656441718,
        0.7239263803680982,
        0.8773006134969326,
        0.901840490797546,
        0.8558282208588958,
        0.9202453987730062,
        0.9355828220858896,
        0.9202453987730062,
        0.9233128834355828,
        0.9079754601226994,
        0.9263803680981595,
        0.8282208588957055,
        0.9478527607361963,
        0.8711656441717791,
        0.9263803680981595,
        0.9386503067484663,
        0.9355828220858896,
        0.9478527607361963,
        0.8926380368098159,
        0.9355828220858896,
        0.9447852760736196,
        0.9079754601226994,
        0.9478527607361963,
        0.950920245398773,
        0.9570552147239264,
        0.9631901840490797,
        0.9631901840490797,
        0.9601226993865031,
        0.9631901840490797,
        0.9631901840490797,
        0.9662576687116564,
        0.9570552147239264,
        0.9601226993865031,
        0.9662576687116564,
        0.9662576687116564,
        0.9601226993865031,
        0.9570552147239264,
        0.9601226993865031,
        0.9447852760736196,
        0.9539877300613497,
        0.9478527607361963,
        0.9539877300613497,
        0.9601226993865031,
        0.9601226993865031,
        0.9447852760736196,
        0.9631901840490797,
        0.9570552147239264,
        0.9601226993865031,
        0.9570552147239264,
        0.9570552147239264,
        0.9570552147239264,
        0.9601226993865031,
        0.9570552147239264,
        0.950920245398773,
        0.9601226993865031,
        0.9631901840490797,
        0.9631901840490797,
        0.9693251533742331,
        0.9478527607361963,
        0.9478527607361963,
        0.9478527607361963,
        0.9539877300613497,
        0.9570552147239264,
        0.9570552147239264,
        0.9570552147239264,
        0.9539877300613497,
        0.9539877300613497,
        0.9539877300613497,
        0.9570552147239264,
        0.9662576687116564,
        0.9601226993865031,
        0.9662576687116564,
        0.9631901840490797,
        0.9601226993865031,
        0.9754601226993865,
        0.9785276073619632,
        0.9754601226993865,
        0.9662576687116564,
        0.9754601226993865,
        0.9693251533742331,
        0.9693251533742331,
        0.9693251533742331,
        0.9693251533742331,
        0.9723926380368099,
        0.9693251533742331,
        0.9754601226993865,
        0.9693251533742331,
        0.9693251533742331,
        0.9693251533742331,
        0.9693251533742331,
        0.9662576687116564,
        0.9631901840490797,
        0.9754601226993865,
        0.9723926380368099,
        0.9723926380368099,
        0.9631901840490797
    ],