{
    "train_acces": [
        1.0,
        1.0,
        0.9986893840104849,
        1.0,
        1.0,
        1.0,
        0.9986893840104849,
        1.0,
        1.0,
        1.0,
        1.0,
        1.0,
        1.0,
        1.0,
        1.0,
        1.0,
        1.0,
        1.0,
        1.0,
        1.0,
        1.0,
        1.0,
        1.0,
        1.0,
        1.0,
        1.0,
        1.0,
        1.0,
        1.0,
        1.0,
        1.0,
        1.0,
        1.0,
        1.0,
        1.0,
        1.0,
        1.0,
        1.0,
        1.0,
        1.0,
        1.0,
        1.0,
        1.0,
        1.0,
        1.0,
        1.0,
        1.0,
        1.0,
        1.0,
        1.0
    ],
    "train_losses": [
        0.0004786862042941665,
        0.0008016639685368626,
        0.002560991171703675,
        0.0003359184528336927,
        0.00016086770766082613,
        0.0005350823725413083,
        0.0020041920286945924,
        8.079935272708757e-05,
        9.271568448495069e-05,
        9.89350707985813e-05,
        7.194684484902469e-05,
        5.606806837106415e-05,
        6.320108384271673e-05,
        4.372902379115108e-05,
        4.977425651732379e-05,
        2.6920298374463655e-05,
        2.8656701876742898e-05,
        2.992433813469552e-05,
        2.2691790854849623e-05,
        2.017143195575217e-05,
        1.7307128281238377e-05,
        1.5262783984764552e-05,
        9.934526503627136e-06,
        7.898156549139235e-06,
        7.697214220984231e-06,
        6.909606842647604e-06,
        5.23089052485389e-06,
        4.211180673628959e-06,
        4.640884811549407e-06,
        3.1418104934779337e-06,
        2.323411892447277e-06,
        1.9775269729296438e-06,
        2.5353954674845495e-06,
        2.185803853470504e-06,
        1.9363257414505246e-06,
        1.1012298694429093e-06,
        8.645346103665463e-07,
        9.366304494669343e-07,
        1.1737956935995581e-06,
        5.171438861331038e-07,
        7.350769753471649e-07,
        5.0190848011405e-07,
        3.105210694965813e-07,
        2.6544695678054897e-07,
        2.506825550740824e-07,
        1.9881205261901138e-07,
        1.8912518999141053e-07,
        1.3850447101153513e-07,
        1.0444471015275584e-07,
        1.210058349021766e-07
    ],
    "val_acces": [
        0.9693251533742331,
        0.9631901840490797,
        0.9662576687116564,
        0.9662576687116564,
        0.9693251533742331,
        0.9754601226993865,
        0.9754601226993865,
        0.9754601226993865,
        0.9754601226993865,
        0.9723926380368099,
        0.9754601226993865,
        0.9723926380368099,
        0.9785276073619632,
        0.9785276073619632,
        0.9815950920245399,
        0.9754601226993865,
        0.9693251533742331,
        0.9785276073619632,
        0.9815950920245399,
        0.9785276073619632,
        0.9785276073619632,
        0.9785276073619632,
        0.9785276073619632,
        0.9785276073619632,
        0.9754601226993865,
        0.9785276073619632,
        0.9785276073619632,
        0.9785276073619632,
        0.9785276073619632,
        0.9785276073619632,
        0.9785276073619632,
        0.9754601226993865,
        0.9723926380368099,
        0.9754601226993865,
        0.9785276073619632,
        0.9723926380368099,
        0.9785276073619632,
        0.9785276073619632,
        0.9754601226993865,
        0.9785276073619632,
        0.9785276073619632,
        0.9785276073619632,
        0.9785276073619632,
        0.9785276073619632,
        0.9754601226993865,
        0.9785276073619632,
        0.9815950920245399,
        0.9785276073619632,
        0.9754601226993865,
        0.9754601226993865
    ],
    "val_losses": [
        0.19944254539384065,
        0.18350450651909536,
        0.19986353987431427,
        0.19656479855618264,
        0.18632998675128112,
        0.18603811224644257,
        0.1522315777083516,
        0.15543448418672343,
        0.16628742304466884,
        0.1558003204050986,
        0.15482465306827117,
        0.15410175936510098,
        0.16145901856950468,
        0.16305246841149265,
        0.1678166536981255,
        0.16885803058604182,
        0.18984205617775843,
        0.17607401120717195,
        0.17069076268429473,
        0.17370637504087127,
        0.18476608945057255,
        0.1916404963099879,
        0.19755686411178563,
        0.19960134867391635,
        0.19960521533265752,
        0.20531132612461037,
        0.20430317296848644,
        0.21315362595559095,
        0.21728803911348724,
        0.2237738625218345,
        0.23131349282071745,
        0.23916516693476084,
        0.2691811381848481,
        0.26002686586603624,
        0.23669243374911555,
        0.25725511768176706,
        0.2691868939939211,
        0.2579885435245843,
        0.2844480967562314,
        0.2652672444665054,
        0.258078138679477,
        0.25717480647455815,
        0.2752537334290999,
        0.2803796670595234,
        0.28543267592294547,
        0.2850724845837751,
        0.2710070435965722,
        0.28636410410261826,
        0.304384330575412,
        0.2957212109988726
    ]
}