{
    "train_acces": [
        0.9842726081258192,
        0.9954128440366973,
        0.9777195281782438,
        0.9882044560943644,
        0.9980340760157274,
        1.0,
        1.0,
        1.0,
        1.0,
        1.0,
        1.0,
        1.0,
        1.0,
        1.0,
        1.0,
        1.0,
        1.0,
        1.0,
        1.0,
        1.0,
        1.0,
        1.0,
        0.9934469200524246,
        0.9868938401048493,
        0.9934469200524246,
        0.9993446920052425,
        0.9986893840104849,
        1.0,
        1.0,
        0.9941022280471822,
        1.0,
        0.9973787680209698,
        0.9973787680209698,
        0.9967234600262124,
        1.0,
        1.0,
        1.0,
        1.0,
        1.0,
        1.0,
        1.0,
        1.0,
        1.0,
        1.0,
        1.0,
        1.0,
        1.0,
        1.0,
        1.0,
        0.9973787680209698
    ],
    "train_losses": [
        0.04816616427382456,
        0.02224419217826642,
        0.06632451567764609,
        0.028391894190048842,
        0.015041131344240446,
        0.0007008719599809195,
        0.00035849164066937596,
        0.00023081266167996914,
        0.00016793289940334163,
        0.00011772325327741685,
        8.213686329160816e-05,
        5.761656399007922e-05,
        6.42326441643541e-05,
        5.8072772744461934e-05,
        3.4579158078841916e-05,
        2.363248344712275e-05,
        3.711468502419511e-05,
        3.5845004525441965e-05,
        1.567236095163475e-05,
        1.0468402047648458e-05,
        7.508825597547184e-06,
        6.583760286363145e-06,
        0.020681280961731423,
        0.04015382006379268,
        0.014757145434017847,
        0.0034349411930541295,
        0.0036817386748631046,
        0.00026137333374349196,
        0.00021806216747571191,
        0.022311608477979354,
        0.002055159353043554,
        0.0038158329905188257,
        0.0062253483974031385,
        0.009903985376498899,
        0.0011256574375600318,
        0.00014651317424798396,
        0.00012650973042193243,
        8.509547859355405e-05,
        6.166472319215216e-05,
        4.31933913806685e-05,
        4.743626245207975e-05,
        4.354931229479438e-05,
        3.155636268254208e-05,
        3.7510532918869615e-05,
        2.439052818835277e-05,
        2.5195308829984293e-05,
        2.6259404867173435e-05,
        2.745907597537383e-05,
        1.7004411715654305e-05,
        0.004647873222354566
    ],
    "val_acces": [
        0.9478527607361963,
        0.9478527607361963,
        0.9202453987730062,
        0.8619631901840491,
        0.9539877300613497,
        0.9539877300613497,
        0.9570552147239264,
        0.9570552147239264,
        0.9539877300613497,
        0.9539877300613497,
        0.9570552147239264,
        0.9570552147239264,
        0.9570552147239264,
        0.9631901840490797,
        0.9601226993865031,
        0.9601226993865031,
        0.9570552147239264,
        0.9570552147239264,
        0.9631901840490797,
        0.9631901840490797,
        0.9570552147239264,
        0.9662576687116564,
        0.9079754601226994,
        0.8957055214723927,
        0.911042944785276,
        0.9294478527607362,
        0.9478527607361963,
        0.950920245398773,
        0.9539877300613497,
        0.9325153374233128,
        0.9478527607361963,
        0.9478527607361963,
        0.9294478527607362,
        0.9601226993865031,
        0.9631901840490797,
        0.9693251533742331,
        0.9601226993865031,
        0.9662576687116564,
        0.9601226993865031,
        0.9662576687116564,
        0.9631901840490797,
        0.9662576687116564,
        0.9631901840490797,
        0.9662576687116564,
        0.9693251533742331,
        0.9662576687116564,
        0.9693251533742331,
        0.9631901840490797,
        0.9662576687116564,
        0.9355828220858896
    ],
    "val_losses": [
        0.30492291452023274,
        0.36857745617701076,
        0.4429453737206619,
        0.6218608316377668,
        0.25668717195458696,
        0.24065031035716783,
        0.2555917163599765,
        0.2357174737447857,
        0.27756238106006736,
        0.26041286376814804,
        0.2702867976996484,
        0.29128842227413343,
        0.2835497773836451,
        0.3046191916712382,
        0.2844435864847157,
        0.28403541972219176,
        0.30372249401576007,
        0.33126561103532665,
        0.2998272658580856,
        0.31582780015423484,
        0.33406476920729894,
        0.33453828477423736,
        0.5162631834801905,
        0.8240715421220624,
        0.5825154234559102,
        0.4403194321251529,
        0.3538706837875333,
        0.36302278883573474,
        0.39231766568085014,
        0.36076622551441967,
        0.38789411222725373,
        0.3828919657500405,
        0.501311729442675,
        0.3015398666720287,
        0.2860605036689466,
        0.264525499945885,
        0.3014956788439024,
        0.2860196186644782,
        0.28548891768315693,
        0.28461515083088135,
        0.28473017308059434,
        0.284403724679889,
        0.27145230497739115,
        0.2775768707926483,
        0.2866517865887274,
        0.2982385757327111,
        0.2960299843450283,
        0.32314510823926457,
        0.29264289441814595,
        0.48497633651190886
    ]
}