{
    "train_acces": [
        0.43774574049803405,
        0.5144167758846658,
        0.5701179554390564,
        0.672346002621232,
        0.734600262123198,
        0.8420707732634338,
        0.9069462647444299,
        0.9305373525557011,
        0.9508519003931848,
        0.9626474442988204,
        0.9777195281782438,
        0.9849279161205766,
        0.9927916120576671,
        0.9973787680209698,
        0.9783748361730014,
        0.9986893840104849,
        0.9764089121887287,
        0.9882044560943644,
        0.9967234600262124,
        0.9875491480996068,
        0.9934469200524246,
        0.9980340760157274,
        0.9993446920052425,
        0.9908256880733946,
        0.9980340760157274,
        0.9993446920052425,
        0.9921363040629095,
        0.9875491480996068,
        1.0,
        1.0,
        1.0,
        1.0,
        1.0,
        1.0,
        1.0,
        1.0,
        1.0,
        1.0,
        0.9888597640891219,
        0.9973787680209698,
        1.0,
        1.0,
        1.0,
        1.0,
        1.0,
        1.0,
        1.0,
        1.0,
        1.0,
        1.0,
        1.0,
        1.0,
        1.0,
        1.0,
        1.0,
        1.0,
        1.0,
        1.0,
        1.0,
        1.0,
        1.0,
        1.0,
        1.0,
        1.0,
        1.0,
        1.0,
        1.0,
        1.0,
        1.0,
        1.0,
        1.0,
        1.0,
        1.0,
        1.0,
        1.0,
        1.0,
        1.0,
        1.0,
        1.0,
        1.0,
        0.9980340760157274,
        1.0,
        0.9993446920052425,
        1.0,
        1.0,
        1.0,
        0.9973787680209698,
        0.9980340760157274,
        1.0,
        1.0,
        1.0,
        1.0,
        1.0,
        1.0,
        1.0,
        1.0,
        1.0,
        1.0,
        1.0,
        0.9980340760157274
    ],
    "train_losses": [
        1.0705861093801097,
        0.9823279518092132,
        0.8753780631414404,
        0.7493461823264237,
        0.6006374802552701,
        0.4040026814984414,
        0.26000321547678995,
        0.18669729460416087,
        0.11777562187859816,
        0.09900874776897475,
        0.055531621310996315,
        0.04628381544719811,
        0.01979536597165449,
        0.01251094541928674,
        0.059974150628390205,
        0.008519880292491087,
        0.06474889753396068,
        0.0318198439561386,
        0.013622833979991013,
        0.03831973860976757,
        0.01676706025327842,
        0.004129605794517283,
        0.0015056732871460581,
        0.03222190711540056,
        0.006332927178248883,
        0.002215367406182974,
        0.026200806567671108,
        0.041946375291294954,
        0.0019906320272403263,
        0.0003468664448591237,
        0.00029313972978479855,
        0.0001382317689867383,
        8.346420105328226e-05,
        8.440572674279534e-05,
        6.0280589202941644e-05,
        4.185041993882076e-05,
        3.300294808625634e-05,
        0.00018459713702286375,
        0.04307385315630674,
        0.0049932807265043126,
        0.0003602460939885926,
        0.00033842269974380354,
        0.0003176112967299812,
        0.00014116995433370873,
        0.00014424462274285394,
        0.0001225002882048164,
        8.530543306283998e-05,
        3.681165225909885e-05,
        2.326717021872702e-05,
        6.310941857955404e-05,
        2.385510246931354e-05,
        1.2187372639831585e-05,
        8.547488615287597e-06,
        1.2314107251867228e-05,
        5.610371077267212e-06,
        6.440751512338029e-06,
        8.798423216115686e-06,
        3.5333144650689633e-06,
        1.870801969403221e-06,
        1.7331402001067064e-06,
        1.4349810496930894e-06,
        6.756439924910539e-07,
        6.466607066664091e-07,
        6.351734078187168e-07,
        3.038803275847747e-07,
        3.0138068408574277e-07,
        2.3185570623401067e-07,
        2.9051626442388036e-07,
        4.4322098934656174e-07,
        1.2342712026049571e-07,
        1.3553430153113935e-07,
        5.616730516599711e-08,
        6.749434029410864e-08,
        3.601270348771195e-08,
        4.4683614236404786e-08,
        1.9842149026503748e-08,
        1.0311680002664192e-08,
        1.3827016665754735e-08,
        6.718214611970828e-09,
        8.20246962357183e-09,
        0.011555733107495587,
        4.941998318742278e-05,
        0.0008882013422989296,
        1.3170039358260592e-05,
        1.0772982290894412e-05,
        1.0732452914398183e-06,
        0.009781251223608909,
        0.009248454208404389,
        4.230096394807674e-06,
        7.559073403269133e-05,
        3.3480458386330234e-05,
        1.5119550573007401e-06,
        3.9413126859652474e-06,
        1.552261984815934e-06,
        3.940176579340131e-06,
        2.4836487281128485e-06,
        2.9343215268901736e-06,
        4.455314866184434e-06,
        8.19611592158929e-05,
        0.00814794979319095
    ],
    "val_acces": [
        0.450920245398773,
        0.5276073619631901,
        0.6257668711656442,
        0.6901840490797546,
        0.6840490797546013,
        0.8312883435582822,
        0.8251533742331288,
        0.8926380368098159,
        0.8220858895705522,
        0.901840490797546,
        0.9141104294478528,
        0.9171779141104295,
        0.9723926380368099,
        0.9355828220858896,
        0.9355828220858896,
        0.9539877300613497,
        0.8803680981595092,
        0.9570552147239264,
        0.950920245398773,
        0.911042944785276,
        0.950920245398773,
        0.9601226993865031,
        0.8067484662576687,
        0.911042944785276,
        0.9478527607361963,
        0.9079754601226994,
        0.9539877300613497,
        0.9478527607361963,
        0.941717791411043,
        0.9386503067484663,
        0.9447852760736196,
        0.9355828220858896,
        0.941717791411043,
        0.941717791411043,
        0.9447852760736196,
        0.9478527607361963,
        0.9478527607361963,
        0.9325153374233128,
        0.9325153374233128,
        0.9539877300613497,
        0.9662576687116564,
        0.9631901840490797,
        0.950920245398773,
        0.9631901840490797,
        0.9631901840490797,
        0.9631901840490797,
        0.9570552147239264,
        0.9662576687116564,
        0.9631901840490797,
        0.9539877300613497,
        0.9631901840490797,
        0.9601226993865031,
        0.9601226993865031,
        0.9601226993865031,
        0.9631901840490797,
        0.9601226993865031,
        0.941717791411043,
        0.9539877300613497,
        0.9570552147239264,
        0.9539877300613497,
        0.9539877300613497,
        0.9570552147239264,
        0.9570552147239264,
        0.9601226993865031,
        0.9570552147239264,
        0.9601226993865031,
        0.9601226993865031,
        0.9570552147239264,
        0.9631901840490797,
        0.9601226993865031,
        0.9601226993865031,
        0.9601226993865031,
        0.9570552147239264,
        0.9570552147239264,
        0.9601226993865031,
        0.9601226993865031,
        0.9601226993865031,
        0.9570552147239264,
        0.9601226993865031,
        0.9601226993865031,
        0.9447852760736196,
        0.941717791411043,
        0.9723926380368099,
        0.9723926380368099,
        0.9723926380368099,
        0.9754601226993865,
        0.911042944785276,
        0.9631901840490797,
        0.9631901840490797,
        0.9631901840490797,
        0.9631901840490797,
        0.9631901840490797,
        0.9631901840490797,
        0.9631901840490797,
        0.9631901840490797,
        0.9631901840490797,
        0.9601226993865031,
        0.9539877300613497,
        0.9233128834355828,
        0.9601226993865031
    ],