{"_step":100,"train_acc":0.9987257088244664,"val_acc":0.8524590163934426,"_runtime":66521,"Test Accuracy":0.880354505169867,"_wandb":{"runtime":66521},"val_loss":1.5132366667612953,"train_loss":0.0056092107093215484,"_timestamp":1.770508611235214e+09,"Test Loss":1.3029483970467532}