{
    "train_acces": [
        0.42752468939152594,
        0.5533609429754699,
        0.6170755017521503,
        0.675374323032813,
        0.7253902516725071,
        0.7715833067856005,
        0.8321121376234469,
        0.8604651162790697,
        0.8974195603695444,
        0.9015610066900287,
        0.9330997132844855,
        0.936604014017203,
        0.9550812360624402,
        0.9550812360624402,
        0.9643198470850589,
        0.9604969735584581,
        0.970691302962727,
        0.9678241478177764,
        0.970691302962727,
        0.9776999044281618,
        0.9847085058935967,
        0.9863013698630136,
        0.9866199426568971,
        0.9847085058935967,
        0.9882128066263142,
        0.9875756610385473,
        0.9869385154507805,
        0.992035680152915,
        0.9894870978018477,
        0.9863013698630136,
        0.9974514176489327,
        0.9964956992672825,
        0.992035680152915,
        0.9964956992672825,
        0.9964956992672825,
        0.9939471169162154,
        1.0,
        0.9987257088244664,
        0.9942656897100988,
        0.9945842625039821,
        0.9990442816183498,
        1.0,
        0.9955399808856323,
        0.9996814272061166,
        1.0,
        0.996814272061166,
        0.9961771264733992,
        0.9987257088244664,
        1.0,
        1.0,
        1.0,
        0.9993628544122332,
        1.0,
        1.0,
        1.0,
        1.0,
        1.0,
        0.9974514176489327,
        0.9990442816183498,
        1.0,
        1.0,
        0.9977699904428162,
        0.9996814272061166,
        0.9993628544122332,
        0.9993628544122332,
        0.9980885632366996,
        0.9996814272061166,
        1.0,
        1.0,
        1.0,
        1.0,
        1.0,
        1.0,
        1.0,
        1.0,
        0.9987257088244664,
        0.9980885632366996,
        0.9980885632366996,
        1.0,
        1.0,
        1.0,
        1.0,
        1.0,
        1.0,
        1.0,
        0.998407136030583,
        0.9990442816183498,
        0.9993628544122332,
        1.0,
        1.0,
        1.0,
        1.0,
        0.9980885632366996,
        0.9990442816183498,
        0.9980885632366996,
        1.0,
        0.9996814272061166,
        0.9993628544122332,
        0.9996814272061166,
        0.9987257088244664
    ],
    "train_losses": [
        1.059409968960851,
        0.9086817328376958,
        0.8111816729926576,
        0.7138407195628392,
        0.6229809484806229,
        0.5254979820167821,
        0.416213907749879,
        0.3501403720165428,
        0.2856581118482237,
        0.25723852971020933,
        0.18129084372905438,
        0.16238763752357238,
        0.12652930509310564,
        0.12452998629860539,
        0.09741170533746236,
        0.102922080818447,
        0.0820369433510894,
        0.0829483234745288,
        0.08153152004639916,
        0.06539445456094369,
        0.04227133630957658,
        0.042949841500588996,
        0.039392543974526656,
        0.042637867105980644,
        0.0406408333455109,
        0.036542088879195155,
        0.03661139607956601,
        0.025477224596727868,
        0.0328676919253878,
        0.04098840901773709,
        0.009210296034029885,
        0.013586831517084952,
        0.023794927028843713,
        0.009562606310751445,
        0.012815098196908861,
        0.018632569267087222,
        0.0007470124252333881,
        0.005093058159823365,
        0.02353528674862444,
        0.019233827474872456,
        0.003597642717457474,
        0.0006915447289231494,
        0.01274759386575409,
        0.0017348543661739849,
        0.0002986711281468434,
        0.012077928132571797,
        0.013695086801138916,
        0.00310293010927111,
        0.0003323012352068273,
        0.00010619956534043883,
        4.081692330266123e-05,
        0.0012545268405548145,
        0.0001729084875749897,
        2.2496769556702782e-05,
        2.1749997623732774e-05,
        1.4619214561800671e-05,
        8.362867531478513e-06,
        0.011415105144330112,
        0.00569248246556918,
        0.0003645583677308355,
        0.0001837340233274781,
        0.006857472257945072,
        0.0017830089732305313,
        0.0041375058335790145,
        0.0013538801064791287,
        0.008377710348609667,
        0.0012934071678253186,
        8.36831723999253e-05,
        5.9410602645138296e-05,
        2.696129763873916e-05,
        1.682494039211587e-05,
        2.044414354301698e-05,
        8.795593139440002e-06,
        7.0076768668961045e-06,
        3.700095340983549e-06,
        0.006546830906231327,
        0.0076249607641156745,
        0.007425438348334285,
        0.00034876420274994677,
        0.00014392020813271656,
        7.731499199279167e-05,
        4.4196725570816104e-05,
        1.3543894599052059e-05,
        9.911131237274012e-06,
        8.93363201980036e-06,
        0.011147420909280307,
        0.0023751737132724636,
        0.004301050637704868,
        0.00010379785513071344,
        2.356138625959866e-05,
        2.1899148151633768e-05,
        1.3546454431008532e-05,
        0.012421227124269154,
        0.0013225198029796716,
        0.007856333525611475,
        0.0005227562041524037,
        0.0009061496181739219,
        0.002007883709740537,
        0.0013429495119117324,
        0.0056092107093215484
    ],