{
    "train_acces": [
        0.4200524246395806,
        0.5144167758846658,
        0.5674967234600262,
        0.6467889908256881,
        0.754259501965924,
        0.8479685452162516,
        0.8899082568807339,
        0.9331585845347313,
        0.9554390563564875,
        0.9619921363040629,
        0.9855832241153342,
        0.9783748361730014,
        0.9868938401048493,
        0.9967234600262124,
        1.0,
        0.9829619921363041,
        0.981651376146789,
        1.0,
        1.0,
        1.0,
        1.0,
        0.9882044560943644,
        0.9980340760157274,
        1.0,
        1.0,
        1.0,
        1.0,
        1.0,
        1.0,
        1.0,
        1.0,
        1.0,
        1.0,
        1.0,
        1.0,
        1.0,
        1.0,
        1.0,
        1.0,
        1.0,
        1.0,
        1.0,
        1.0,
        1.0,
        1.0,
        1.0,
        1.0,
        1.0,
        1.0,
        1.0,
        1.0,
        1.0,
        1.0,
        1.0,
        1.0,
        1.0,
        1.0,
        1.0,
        1.0,
        1.0,
        1.0,
        1.0,
        1.0,
        1.0,
        1.0,
        1.0,
        1.0,
        0.9980340760157274,
        0.9980340760157274,
        1.0,
        1.0,
        1.0,
        1.0,
        1.0,
        1.0,
        1.0,
        1.0,
        1.0,
        1.0,
        1.0,
        1.0,
        1.0,
        1.0,
        1.0,
        1.0,
        1.0,
        1.0,
        1.0,
        1.0,
        0.9980340760157274,
        0.9960681520314548,
        1.0,
        1.0,
        1.0,
        1.0,
        0.9973787680209698,
        1.0,
        0.9980340760157274,
        1.0,
        1.0
    ],
    "train_losses": [
        1.0701979215929425,
        0.9481922084975837,
        0.8588153216621667,
        0.7588865160942078,
        0.5828936784155911,
        0.40347149867050563,
        0.28697941712093716,
        0.18954150762327268,
        0.12666668613055995,
        0.10135832047177809,
        0.04075993923957369,
        0.055482943436781194,
        0.040802062301524264,
        0.014038237283105697,
        0.0017705604026947736,
        0.04889933922329649,
        0.04555315930846237,
        0.001485046992658519,
        0.0002575009398843801,
        0.00014310440752854112,
        9.85485563314818e-05,
        0.0450012061910699,
        0.009935995555107246,
        0.0007828667243966584,
        0.00020446598679738813,
        6.0207923065106564e-05,
        5.3367832727763724e-05,
        6.174099396132888e-05,
        2.9341903464185916e-05,
        2.1560108934341575e-05,
        2.4169586031284933e-05,
        2.2887279189244148e-05,
        1.0494257182381806e-05,
        8.179126428544963e-06,
        9.580134986387078e-06,
        6.5068892034410156e-06,
        6.906469007906473e-06,
        3.437446589951029e-06,
        2.8490212929732594e-06,
        1.7080359752479038e-06,
        1.6426498153252953e-06,
        1.16418930138953e-06,
        1.0084138622140033e-06,
        1.0110567509609398e-06,
        6.902408903082119e-07,
        4.1246379896292255e-07,
        5.103360876898813e-07,
        3.966826038779679e-07,
        1.9568719172239332e-07,
        1.727980649612561e-07,
        1.1131911799171149e-07,
        1.0139797033818901e-07,
        6.92913143178921e-08,
        7.350970501071349e-08,
        6.382298083650874e-08,
        6.405707462585959e-08,
        3.905936474214091e-08,
        2.5154241014283674e-08,
        7.936827302325742e-08,
        1.3983258112795731e-08,
        1.1483454033899223e-08,
        1.5076918572500053e-08,
        6.48385839208834e-09,
        4.296533142373375e-09,
        2.1873262554635285e-09,
        2.109207487565239e-09,
        2.109207403752859e-09,
        0.008324475601944352,
        0.01527279196188875,
        0.00020792368284558798,
        5.2388593813279e-05,
        4.474134072662446e-05,
        2.0890357406453274e-05,
        4.02528947378921e-05,
        1.4105076490105228e-05,
        2.1777524057997615e-05,
        4.107344866877764e-06,
        4.714975373927277e-06,
        1.567523406371531e-05,
        3.856028296890591e-06,
        2.0200690197323933e-06,
        2.0043304695785666e-06,
        1.5583243741727277e-06,
        1.7864296858479137e-05,
        6.102815960928686e-07,
        6.099478330677873e-07,
        4.232325815421426e-07,
        2.2965830505992824e-07,
        1.3069080769097504e-07,
        0.012991148031842684,
        0.012045098234847918,
        3.0372597055806576e-06,
        5.2587921817048756e-05,
        2.6970506865849982e-06,
        8.674046836522279e-05,
        0.010734454729163245,
        5.257787149866258e-05,
        0.0028347797912813078,
        0.00023336089446775383,
        5.283079719312868e-06
    ],
    "val_acces": [
        0.450920245398773,
        0.5030674846625767,
        0.4754601226993865,
        0.6073619631901841,
        0.6625766871165644,
        0.8128834355828221,
        0.8251533742331288,
        0.8742331288343558,
        0.8650306748466258,
        0.8773006134969326,
        0.941717791411043,
        0.9079754601226994,
        0.8588957055214724,
        0.941717791411043,
        0.9478527607361963,
        0.8558282208588958,
        0.9631901840490797,
        0.9631901840490797,
        0.9662576687116564,
        0.9662576687116564,
        0.9570552147239264,
        0.9263803680981595,
        0.9447852760736196,
        0.9478527607361963,
        0.950920245398773,
        0.950920245398773,
        0.950920245398773,
        0.950920245398773,
        0.950920245398773,
        0.950920245398773,
        0.950920245398773,
        0.950920245398773,
        0.950920245398773,
        0.950920245398773,
        0.950920245398773,
        0.950920245398773,
        0.9570552147239264,
        0.950920245398773,
        0.950920245398773,
        0.950920245398773,
        0.9539877300613497,
        0.9539877300613497,
        0.950920245398773,
        0.950920245398773,
        0.950920245398773,
        0.950920245398773,
        0.950920245398773,
        0.9539877300613497,
        0.950920245398773,
        0.9570552147239264,
        0.950920245398773,
        0.9539877300613497,
        0.950920245398773,
        0.9539877300613497,
        0.9539877300613497,
        0.9539877300613497,
        0.9570552147239264,
        0.9539877300613497,
        0.950920245398773,
        0.9539877300613497,
        0.9601226993865031,
        0.950920245398773,
        0.9539877300613497,
        0.9601226993865031,
        0.9570552147239264,
        0.9570552147239264,
        0.9570552147239264,
        0.9570552147239264,
        0.9570552147239264,
        0.9662576687116564,
        0.9631901840490797,
        0.9631901840490797,
        0.9570552147239264,
        0.9631901840490797,
        0.9631901840490797,
        0.9631901840490797,
        0.9631901840490797,
        0.9570552147239264,
        0.9662576687116564,
        0.9662576687116564,
        0.9601226993865031,
        0.9662576687116564,
        0.9662576687116564,
        0.9539877300613497,
        0.9570552147239264,
        0.9539877300613497,
        0.9601226993865031,
        0.9539877300613497,
        0.9539877300613497,
        0.9202453987730062,
        0.9539877300613497,
        0.9539877300613497,
        0.950920245398773,
        0.950920245398773,
        0.9570552147239264,
        0.9141104294478528,
        0.9325153374233128,
        0.9325153374233128,
        0.9447852760736196,
        0.9447852760736196
    ],