{
    "train_acces": [
        0.981651376146789,
        0.9934469200524246,
        0.9947575360419397,
        0.9934469200524246,
        0.9862385321100917,
        1.0,
        0.9941022280471822,
        0.9737876802096985,
        0.9967234600262124,
        0.9895150720838795,
        1.0,
        0.9993446920052425,
        1.0,
        1.0,
        1.0,
        1.0,
        1.0,
        1.0,
        1.0,
        1.0,
        1.0,
        1.0,
        1.0,
        1.0,
        0.9927916120576671,
        0.9993446920052425,
        1.0,
        0.9993446920052425,
        1.0,
        1.0,
        1.0,
        1.0,
        1.0,
        1.0,
        1.0,
        1.0,
        1.0,
        1.0,
        1.0,
        1.0,
        1.0,
        1.0,
        1.0,
        1.0,
        1.0,
        1.0,
        1.0,
        1.0,
        1.0,
        1.0
    ],
    "train_losses": [
        0.05962962678857298,
        0.013869429639263207,
        0.016193869168664603,
        0.027412397556279916,
        0.049443938682588076,
        0.0027211949891097773,
        0.01865975643723894,
        0.07261957800607553,
        0.011457824067142188,
        0.036770602893398584,
        0.0020748698309355456,
        0.0023796019424665677,
        0.00035371236761177566,
        0.00020400776381832847,
        0.00011061144734351873,
        0.0001870336937017568,
        7.560353606171666e-05,
        5.807108891384106e-05,
        5.4847878751955356e-05,
        2.936380982790005e-05,
        3.022160806331377e-05,
        2.2588098982782316e-05,
        1.8343385848367993e-05,
        1.7315783417668275e-05,
        0.018664080903841248,
        0.00546762686479833,
        0.0007547300179529942,
        0.001494360231197083,
        0.0001357248183504851,
        5.4314685385035505e-05,
        2.7590009779014074e-05,
        3.633825413436264e-05,
        2.8557149232568317e-05,
        2.252510848896644e-05,
        1.8682349927052044e-05,
        1.5856782596855947e-05,
        1.9008891636103074e-05,
        1.0712236015536321e-05,
        8.878421488088704e-06,
        7.322032120108825e-06,
        1.3252733821535868e-05,
        7.1406960933284466e-06,
        3.923627132700478e-06,
        4.246037950392227e-06,
        2.5358437478581984e-06,
        2.63944193458642e-06,
        3.335220644505986e-06,
        1.7870761070313365e-06,
        1.503136670054745e-06,
        1.1662175761085263e-06
    ],
    "val_acces": [
        0.941717791411043,
        0.950920245398773,
        0.9355828220858896,
        0.9049079754601227,
        0.8865030674846626,
        0.9478527607361963,
        0.8680981595092024,
        0.9079754601226994,
        0.9723926380368099,
        0.901840490797546,
        0.9539877300613497,
        0.9478527607361963,
        0.9631901840490797,
        0.9601226993865031,
        0.9631901840490797,
        0.9601226993865031,
        0.9601226993865031,
        0.9631901840490797,
        0.9631901840490797,
        0.9631901840490797,
        0.9631901840490797,
        0.9662576687116564,
        0.9631901840490797,
        0.9662576687116564,
        0.911042944785276,
        0.950920245398773,
        0.9601226993865031,
        0.9601226993865031,
        0.9693251533742331,
        0.9662576687116564,
        0.9662576687116564,
        0.9662576687116564,
        0.9662576687116564,
        0.9662576687116564,
        0.9693251533742331,
        0.9693251533742331,
        0.9723926380368099,
        0.9723926380368099,
        0.9693251533742331,
        0.9723926380368099,
        0.9662576687116564,
        0.9662576687116564,
        0.9693251533742331,
        0.9723926380368099,
        0.9754601226993865,
        0.9785276073619632,
        0.9754601226993865,
        0.9785276073619632,
        0.9754601226993865,
        0.9815950920245399
    ],
    "val_losses": [
        0.21134158413170892,
        0.26145009757058935,
        0.3480316890509388,
        0.448093012861886,
        0.5577520800075371,
        0.24439626505972,
        0.6851313213129457,
        0.41042452042474586,
        0.13625269168887527,
        0.468934744632519,
        0.21310157100823024,
        0.24268273483595687,
        0.19471790688832616,
        0.20560348403746245,
        0.2029616091178366,
        0.20374789849106534,
        0.19428771555634092,
        0.19658072195707832,
        0.22151018494206895,
        0.2082137093774219,
        0.20378909354843058,
        0.1937414754798314,
        0.1960635333096432,
        0.22597288692945539,
        0.516942534180287,
        0.24209360891517448,
        0.20849373340933766,
        0.2224636057090745,
        0.21102709966922126,
        0.19774070836309326,
        0.19888357646608307,
        0.19095861061367542,
        0.18908898368098592,
        0.19125020691713232,
        0.1821007517601808,
        0.1862613364974922,
        0.18070980989799676,
        0.17537513824793793,
        0.17089513654360622,
        0.17076755663931914,
        0.19005827089348998,
        0.16450200008099547,
        0.1542400645425995,
        0.16199937143732862,
        0.15563404557581587,
        0.16489759534530773,
        0.16990278004525272,
        0.15828040709661184,
        0.15834285655029676,
        0.1613235088473062
    ]
}